{
  "config_hash": "4b94023e2e561e429825e6fbf422177bd12998a98bfdd923818c854cc7935f0e",
  "created_at_utc": "2026-03-14T12:46:15.444870+00:00",
  "dataset_path": "C:\\Users\\manue\\Desktop\\JimSimons-1\\simons_smallcap_swing\\data\\datasets\\classification\\model_dataset.parquet",
  "features_candidate": [
    "abs_ret_1d_lag1",
    "log_dollar_volume_lag1",
    "log_total_assets",
    "log_volume_lag1",
    "mkt_breadth_up_lag1",
    "mkt_coverage_ratio_lag1",
    "mkt_cross_sectional_vol_lag1",
    "mkt_equal_weight_return_lag1",
    "momentum_20d_excl_1d",
    "net_income_scale_proxy",
    "ret_1d_lag1",
    "ret_20d_lag1",
    "ret_5d_lag1",
    "revenue_scale_proxy",
    "shares_outstanding",
    "turnover_proxy_lag1",
    "vol_20d",
    "vol_5d"
  ],
  "features_dropped_all_nan_train": [],
  "features_used": [
    "abs_ret_1d_lag1",
    "log_dollar_volume_lag1",
    "log_total_assets",
    "log_volume_lag1",
    "mkt_breadth_up_lag1",
    "mkt_coverage_ratio_lag1",
    "mkt_cross_sectional_vol_lag1",
    "mkt_equal_weight_return_lag1",
    "momentum_20d_excl_1d",
    "net_income_scale_proxy",
    "ret_1d_lag1",
    "ret_20d_lag1",
    "ret_5d_lag1",
    "revenue_scale_proxy",
    "shares_outstanding",
    "turnover_proxy_lag1",
    "vol_20d",
    "vol_5d"
  ],
  "imputer_median_train_only": {
    "abs_ret_1d_lag1": 0.00638667580613278,
    "log_dollar_volume_lag1": 18.19945117300791,
    "log_total_assets": 19.23946592093774,
    "log_volume_lag1": 13.818790787147172,
    "mkt_breadth_up_lag1": 0.5,
    "mkt_coverage_ratio_lag1": 1.0,
    "mkt_cross_sectional_vol_lag1": 0.007033858432501453,
    "mkt_equal_weight_return_lag1": 0.0005264950550280811,
    "momentum_20d_excl_1d": -0.013526543280914072,
    "net_income_scale_proxy": 15.828666133434552,
    "ret_1d_lag1": 0.0009451869094814214,
    "ret_20d_lag1": -0.008679956136409761,
    "ret_5d_lag1": -0.002220851225371634,
    "revenue_scale_proxy": 18.191994385813388,
    "shares_outstanding": 20355741.0,
    "turnover_proxy_lag1": 0.9642874595882999,
    "vol_20d": 0.008527136412995153,
    "vol_5d": 0.009163789207250944
  },
  "missingness_before_imputation": {
    "abs_ret_1d_lag1": 0.038461538461538464,
    "log_dollar_volume_lag1": 0.019230769230769232,
    "log_total_assets": 0.019230769230769232,
    "log_volume_lag1": 0.019230769230769232,
    "mkt_breadth_up_lag1": 0.019230769230769232,
    "mkt_coverage_ratio_lag1": 0.019230769230769232,
    "mkt_cross_sectional_vol_lag1": 0.019230769230769232,
    "mkt_equal_weight_return_lag1": 0.019230769230769232,
    "momentum_20d_excl_1d": 0.40384615384615385,
    "net_income_scale_proxy": 0.019230769230769232,
    "ret_1d_lag1": 0.038461538461538464,
    "ret_20d_lag1": 0.40384615384615385,
    "ret_5d_lag1": 0.11538461538461539,
    "revenue_scale_proxy": 0.019230769230769232,
    "shares_outstanding": 0.019230769230769232,
    "turnover_proxy_lag1": 0.09615384615384616,
    "vol_20d": 0.40384615384615385,
    "vol_5d": 0.11538461538461539
  },
  "run_id": "checkpoint_w1_w5_logistic",
  "scaler_mean_train_only": {
    "abs_ret_1d_lag1": 0.007217689777235133,
    "log_dollar_volume_lag1": 18.143524749871105,
    "log_total_assets": 19.275199919710577,
    "log_volume_lag1": 13.827275278013982,
    "mkt_breadth_up_lag1": 0.5,
    "mkt_coverage_ratio_lag1": 0.9666666666666667,
    "mkt_cross_sectional_vol_lag1": 0.007487119936231476,
    "mkt_equal_weight_return_lag1": 0.00017650644062381648,
    "momentum_20d_excl_1d": -0.011553508161834132,
    "net_income_scale_proxy": 15.863601913616643,
    "ret_1d_lag1": 0.00022196906608830855,
    "ret_20d_lag1": -0.008265214328005225,
    "ret_5d_lag1": -0.0015099426325864197,
    "revenue_scale_proxy": 18.232605513459248,
    "shares_outstanding": 21848090.908333335,
    "turnover_proxy_lag1": 0.9959337358582003,
    "vol_20d": 0.00857263387623977,
    "vol_5d": 0.009103690041213783
  },
  "scaler_std_train_only": {
    "abs_ret_1d_lag1": 0.004751602031161509,
    "log_dollar_volume_lag1": 0.6117499012860991,
    "log_total_assets": 0.19524179483392406,
    "log_volume_lag1": 0.6184321357076044,
    "mkt_breadth_up_lag1": 0.2813657169355689,
    "mkt_coverage_ratio_lag1": 0.17950549357115006,
    "mkt_cross_sectional_vol_lag1": 0.0032293866640277814,
    "mkt_equal_weight_return_lag1": 0.004827421275847924,
    "momentum_20d_excl_1d": 0.010997143981462041,
    "net_income_scale_proxy": 0.19129786251167943,
    "ret_1d_lag1": 0.008483144897150869,
    "ret_20d_lag1": 0.010319559026771377,
    "ret_5d_lag1": 0.00976059730744479,
    "revenue_scale_proxy": 0.1935036608550243,
    "shares_outstanding": 4461251.340766676,
    "turnover_proxy_lag1": 0.2599126474073518,
    "vol_20d": 0.0005533898250100513,
    "vol_5d": 0.002185428098721553
  },
  "use_standardization": true
}